frame,x,y,label
827,47.22227174454403,36.6924792561245,1
14319,193.34709,102.66575,0
8304,218.0637,272.19742,0
2746,280.44057412061693,280.446867641716,1
1095,256.11993,233.26396,0
4788,171.98903242580414,174.19257328353882,1
582,142.11363761173726,16.759209115401745,1
12286,273.6081069031525,44.96349844456482,1
7744,285.1420828430939,243.74319710739132,1
213,151.300371928252,187.4708938788986,1
14336,118.7248267818451,117.35436171684265,1
2580,220.29767,280.0859,0
11416,233.55022,4.2209234,0
14331,74.48957738058472,262.12938365745543,1
113,79.17147511592484,51.74550504684925,1
18317,7.4576793,220.02469,0
8352,242.21165,137.43802,0
6329,224.5581300142288,98.875741775589,1
401,67.63711292204141,276.9984031560111,1
3819,140.3793,250.65228,0
9107,108.17836854545594,278.9112243470764,1
2794,283.32188948705675,280.5029656692124,1
32,261.28104,78.260025,0
4438,203.8876,122.77234,0
775,6.682822172656727,179.6636195252371,1
4546,278.50522,76.735886,0
12045,245.13968,234.8343,0
9411,258.1137589751434,267.86835069618223,1
14237,217.71205,224.01694,0
45,187.04816,58.702995,0
72,28.01733993776989,149.994112064445,1
15882,91.99353199021913,165.63209349250795,1
15963,96.78867,283.29285,0
6589,63.68378170085907,172.10218865200042,1
6733,279.55853,278.3242,0
19040,220.85893,136.82347,0
11831,131.06183289154052,154.52894695335388,1
15174,155.02808,193.0444,0
2160,178.7641,129.53761,0
3180,19.541796,115.100334,0
10223,111.50656,10.512412,0
146,278.42444,88.866325,0
9106,271.12213,45.69876,0
2923,44.75157276403427,224.48119346063612,1
12061,191.07414635681155,116.60176079673766,1
9786,28.380291,285.3649,0
4130,13.480016776279449,62.2808645747757,1
17079,72.47682732818603,197.78762138557437,1
10186,116.91752401132202,61.035729480514526,1
7140,45.033546,271.70447,0
5717,257.0941,250.91727,0
2463,274.34805,213.82846,0
14316,193.36214,102.64805,0
2997,137.40521,291.3465,0
3526,193.63557,202.49966,0
16432,277.83997250976563,258.2006263951874,1
11987,94.715744,141.2149,0
2647,281.32437111795423,21.50872816099167,1
15881,87.99615771949767,65.91613461669922,1
11376,33.61300292175293,207.41510667945863,1
951,267.33812741810084,12.268744499718666,1
6568,100.77273963928222,197.02353957027435,1
146,27.274537298686504,254.05335704338077,1
18889,185.58878,153.00911,0
17655,192.24495,231.71535,0
8825,133.84993726081848,118.65873835601806,1
13398,61.16422947662353,260.9143075737762,1
8177,243.7124031463623,49.26660696640015,1
16121,154.77976228385924,85.14947273773194,1
3693,269.4051752750015,2.097812062614441,1
1657,51.940098,234.22623,0
11003,214.8168,140.93507,0
1056,84.99611,148.26389,0
18071,161.50252570236205,54.22098900013733,1
14484,18.544542,172.50264,0
706,208.3104808715725,210.912100659914,1
6397,8.369869,221.29659,0
16859,128.19653,9.193957,0
10807,177.13556,36.10573,0
11787,193.36951662338257,196.1480974090576,1
9695,122.2503070135498,55.58637592346192,1
3431,193.61954,202.4986,0
11118,172.25175,95.482475,0
10231,192.8241553136444,196.82110508399964,1
2101,182.82234,144.48026,0
5966,278.24916874160766,179.12795651931762,1
8352,46.78243629981995,289.63093390571595,1
431,258.93018,48.85705,0
10822,260.4851,137.49698,0
82,237.6507475164437,197.9501185082078,1
7105,103.12666853313446,38.005515929870604,1
8357,159.32550829620362,243.03759753936768,1
3850,119.35943,119.270004,0
44,12.004043,192.33116,0
16169,187.51788746009828,7.904398969635009,1
7136,193.27017,232.81734,0
1796,197.96684972089767,53.41473697828293,1
14170,192.2077,231.35202,0
6872,268.6557469923401,156.42464279273986,1
253,8.825962296095415,201.8943069342795,1
1549,42.797558,80.49526,0
4611,256.6839028559494,194.11263722270965,1
13927,205.9982652912903,209.1383746837616,1
2495,102.74506,4.977665,0
7216,198.82259,211.65047,0
5382,97.00906788612366,59.86178933898925,1
2757,63.10213416012573,263.67956249790194,1
5766,28.97144407536316,22.581068449790955,1
4027,158.76616,163.87608,0
7234,192.8387897721863,137.0496193712616,1
9107,166.41727,171.41112,0
3688,185.28226,289.36728,0
18638,179.04924,65.84707,0
7297,16.314920623672485,43.15916863525391,1
3460,122.29758193782808,132.665968744812,1
5372,191.04185,93.50109,0
8446,208.56953,10.815023,0
8256,245.9769,213.73563,0
11692,82.07967237306214,245.91596133125304,1
10829,287.86865,68.2058,0
4813,283.73056165073393,133.2814904243469,1
19618,146.50102,247.34042,0
11979,272.556,14.280154,0
15222,151.7642584274292,7.229746180496216,1
9460,168.16512896011352,70.78960235366822,1
2442,57.85748,44.08019,0
776,52.827051808407305,122.03044594520092,1
2355,59.777744,268.98422,0
10365,203.9336,99.040085,0
9151,117.17706112013244,165.9166350856781,1
18402,7.2747664,219.44075,0
5907,245.04635341754917,49.41971597342682,1
11129,9.800335878479004,266.64880009117127,1
10911,66.26622,27.870632,0
14398,38.953762,224.55072,0
3357,190.4323,224.44258,0
7072,243.50894,237.24776,0
18473,232.71458,138.73344,0
7536,158.4029679936218,288.9674507837677,1
16259,259.4090738677979,216.6183902696991,1
7457,20.922367,42.551563,0
29,148.65668,186.39186,0
13491,101.91839,37.149677,0
86,17.41131,218.11656,0
14749,106.87614978111267,240.8986794874573,1
1912,67.63823,73.945724,0
13586,258.26324,59.083637,0
7957,78.60353281097412,30.62376225880432,1
650,20.571264,233.77115,0
3885,193.60613375688555,200.7926096093369,1
3579,89.61716431682586,117.59650258476258,1
7021,288.5642,162.97289,0
7785,212.22627,189.08104,0
6871,118.26317218624116,58.91624930879212,1
2319,17.439521280036928,227.60555438524247,1
1965,162.10063178723334,85.35875915121079,1
26,245.53232,175.80649,0
11165,209.94588,122.34224,0
10941,121.99527721672058,26.897702807724,1
9964,268.4400123778534,69.01561228523255,1
7844,162.04927213233947,54.15140297782898,1
8483,151.63123,107.89319,0
5050,256.45816,251.35846,0
5391,264.9414,241.8454,0
11772,150.23922455612183,120.9444777923584,1
1216,94.10990035727978,86.78810560120583,1
12152,194.15878,220.01692,0
7500,152.13931072006227,8.890101308868408,1
899,203.0466,151.8466,0
9514,211.53586,189.56084,0
5256,20.424093774032592,255.70456372566224,1
11,247.1927762403774,291.4576954928279,1
1145,168.3116450078249,159.0015164628601,1
130,156.78793824585676,217.86653164990068,1
1924,18.66749720752144,79.55416270046234,1
60,29.974035112073423,225.57264676698207,1
12782,97.961494,232.97188,0
1436,237.94653,241.5536,0
976,291.29794,105.95193,0
11498,113.298294,161.55867,0
9167,121.821846,208.88715,0
8497,9.586778756622314,120.60973885849,1
18655,256.82007,176.6229,0
17203,263.5144,135.40593,0
3963,108.10997,258.06946,0
2369,81.01449730249405,282.6262268111229,1
2798,243.6596391023064,183.66341188554765,1
4587,233.8218076700592,24.858185487823487,1
12195,81.90697,14.030984,0
15498,213.81999,238.42053,0
10319,118.0132235533142,36.91925471218872,1
10250,196.31747,242.38676,0
2749,264.5980124411583,103.79331954612732,1
5892,208.35684,127.37368,0
2864,197.8823,244.0454,0
13169,143.07198288864134,278.1444117059326,1
14431,34.731525,83.157394,0
5449,129.30995,12.556085,0
19966,96.72856,282.62064,0
2855,219.17096898887635,100.82439179784777,1
9831,194.72014,255.596,0
8735,119.58019153884888,197.907368765564,1
14318,3.1251303468780525,20.96910290478516,1
12002,47.669914,159.45639,0
12871,36.294598,227.96378,0
439,129.71456901077747,139.43303734296322,1
13841,180.76710389709476,8.527149267242432,1
500,213.5148426226878,128.32132017215014,1
3510,17.4219760087204,9.530197159767152,1
1022,215.66399,89.74498,0
114,24.01577,262.6954,0
7680,245.22214932998656,10.050104152648926,1
17486,60.526317860839846,137.77087853584288,1
14497,206.4673,250.67868,0
1526,169.0097319282198,129.2836638374138,1
13896,196.63890986053468,270.64960760147096,1
2165,43.50883323452759,18.479853456573487,1
10726,74.39366521003723,157.80507697868347,1
6951,272.77156676158904,261.8339585281372,1
10922,282.3817285144806,86.18031636283874,1
13379,120.08370990220642,164.22248450462342,1
3285,128.36496,164.97427,0
7754,220.14726,51.33243,0
8704,241.28537,138.03098,0
10839,286.02512,82.65007,0
2782,240.33603,3.033354,0
1357,94.34497841957092,278.57731235025403,1
16080,175.7562,35.704533,0
11360,233.60631,4.233215,0
373,191.91885,254.26726,0
59,198.4534611183381,52.79618677802992,1
37,111.14517045010088,280.53695955604314,1
4876,273.39832,212.32376,0
1495,154.5375348846817,181.4283671185112,1
10387,215.5594423918152,37.55401754316711,1
3963,181.71484171094892,67.18645603420258,1
4975,152.3829972360611,173.70932814044951,1
17950,275.846045248642,87.19079988540649,1
5687,52.07224,228.9693,0
12712,227.14685,122.72699,0
6066,52.1427730821228,257.7850892648315,1
6067,133.05269,68.277084,0
3957,213.37565286214829,49.26097971450805,1
3972,58.78338023223114,274.92794387046814,1
6264,233.8426160522461,23.992986339027404,1
193,36.24838027096045,163.58781146737277,1
1689,6.8783534472751615,48.31887037071228,1
9354,158.26904,20.473425,0
1074,248.31934,215.38206,0
689,259.6413,250.81859,0
10057,166.28093,171.52629,0
9373,108.92936994758604,118.45060323280336,1
15558,98.66841,64.51699,0
18715,258.04572,285.36774,0
3232,98.872055,233.90236,0
2684,106.13137254144668,46.77133627978135,1
12717,44.91874206039429,154.4383940245056,1
4947,163.54553,49.6938,0
14223,138.73758938301086,143.830129814682,1
9854,207.99214,211.87053,0
15210,177.58864,129.24467,0
6465,31.787255410995485,268.69593246269227,1
2876,3.1500943,22.86411,0
2290,61.58419675510407,8.855215194057465,1
5831,133.72271210422517,189.8202715270996,1
6599,38.796894,181.09926,0
4458,227.24502122058868,153.2917973971939,1
18585,236.55354,85.24723,0
7093,243.20944,56.526287,0
9647,283.99353,228.90918,0
2959,46.29991824632645,36.53381374845886,1
38,250.61417,5.6454673,0
5848,115.86601,272.42374,0
6176,215.3469,148.183,0
3780,156.41713,192.93524,0
14089,282.27103,41.34657,0
10043,166.2872,171.46349,0
12197,63.27072,284.74567,0
96,287.9944818264532,244.09932491801263,1
92,136.4898798083472,125.223700977695,1
8849,149.93507,290.15704,0
17995,196.12976,191.14711,0
10263,102.65792733894348,10.150896131744386,1
2416,203.1926264487076,245.166035037632,1
5551,203.5453,99.51741,0
6447,279.3906390458298,136.51146646697998,1
14046,53.939423,197.32874,0
13202,249.850172416687,146.74287123260498,1
1951,188.64075827694893,46.381263552951815,1
16776,266.59943,264.7107,0
6272,255.82385,15.748769,0
4079,228.98404,82.55135,0
1909,159.10493530985832,166.0857120139122,1
117,241.87923,3.1340935,0
8357,149.94449,290.27884,0
13994,276.10144,170.53583,0
821,239.92056,226.19016,0
9396,178.75224,258.5526,0
4020,212.01503,220.74585,0
1889,115.28469190843582,236.8708331117249,1
5574,43.110663794334414,18.38488889427185,1
644,190.679231835444,285.5024425755286,1
15181,29.639838743377688,8.19658290045166,1
5837,9.016998,271.52707,0
2383,136.87472340587615,74.9805503499794,1
17359,280.30212,194.87157,0
7723,256.73535,250.00656,0
15054,223.9847,98.55284,0
450,72.4826791718936,233.06919013633967,1
9416,158.34572300865173,270.76112974853515,1
8530,158.0083767034149,56.86335873143005,1
18411,225.43051,154.45071,0
14851,137.1991429560852,43.93598061053467,1
3672,278.2951863870621,88.53740714004516,1
2880,38.914375,162.82118,0
5666,190.96393,93.37831,0
6759,177.8226676406479,279.1141749873352,1
8044,147.04771,263.0328,0
255,246.35507,81.57416,0
13761,142.09894014564514,91.78667533889772,1
2,107.66946450978756,47.05322579761123,1
3287,40.46486448326111,181.4669158605194,1
19621,170.81661911567687,171.7562721395111,1
770,146.53876,122.484924,0
1936,237.96290952067372,98.59622192285156,1
5119,129.46743179832458,214.1229290707779,1
4447,279.45306,166.50511,0
19116,282.9098,227.882,0
8401,227.68847839889528,160.0335324634552,1
12456,84.5753921043396,40.02364571914673,1
15525,191.1912241448212,138.10968782432556,1
1543,111.2824487109127,281.58631327732087,1
17327,57.19939093058777,273.8533044090271,1
8128,87.1290047264862,210.49264202270507,1
16374,63.46069,171.69833,0
1228,167.06586239978313,195.2525188288689,1
9524,112.89589607948304,64.12553871147156,1
4404,226.7840772296524,153.3079072289276,1
5532,82.93058447353363,142.0870022275543,1
8842,85.422775,54.6212,0
8679,121.46938536109924,55.32848742774964,1
1736,91.50849,118.1132,0
9789,106.21479269058229,264.6307976252747,1
5473,76.0143639176178,55.737832350326535,1
9300,184.9214206526947,251.0758388581085,1
35,63.007260243447305,68.749838680408,1
6320,25.791696981048585,251.7800140177536,1
11489,231.5014,212.8507,0
16211,72.5824521344757,176.76801974876403,1
18481,256.83685,176.82533,0
1644,160.62424634838104,245.80987322481155,1
4739,121.85242,78.7216,0
982,127.0357,199.1576,0
8520,258.2993597967529,269.1935923919678,1
14101,287.89563,162.03598,0
11411,116.3596,165.87378,0
3491,32.77395833689118,57.50184883211517,1
17870,153.33536,188.59038,0
8165,45.02057823680115,77.15604962364196,1
5909,181.82504,144.55357,0
9065,76.99728,146.51202,0
11397,160.46126,123.54726,0
17446,59.93754,189.12369,0
1103,16.870897493031503,83.17302900410652,1
4575,146.6605,211.97853,0
9519,87.71921414497376,209.76172110473632,1
4715,156.41122385730745,235.90170586597444,1
4609,218.84328441162108,99.6680397441864,1
5158,182.03511,44.57161,0
2302,275.05452773397445,40.89706219091416,1
9447,282.44833162948606,174.65827259590148,1
6260,9.651928200828552,189.41841880329133,1
1592,214.03955052637104,127.71974104913711,1
8,28.46537,178.50127,0
6566,261.02173656093595,21.919967212127684,1
11067,51.33920277975464,257.7023956516266,1
8047,255.5616239814758,232.72737709693908,1
4706,236.4672314396286,197.08803756195067,1
220,6.773209623711288,180.5826373827863,1
17636,108.84994,238.4273,0
17976,50.043123431762695,236.82337066223144,1
8860,197.40384,231.70451,0
8859,120.64130054223632,130.5097504549408,1
3406,134.05814,262.63324,0
7683,250.3553563407135,101.38503450682067,1
4731,29.163616,286.6749,0
13601,125.56882,100.28876,0
8669,121.3503,130.65387,0
10921,228.0820372680664,288.71103189323424,1
5983,27.245882,28.732222,0
11474,23.099682,75.90844,0
7772,289.03278,163.64455,0
6006,91.10855520633696,27.897183905410767,1
11957,138.02545,192.798,0
3100,89.19401090238571,149.66417061218263,1
15573,18.052807,172.21452,0
553,225.28847,115.30301,0
1677,51.93436270246315,233.9500880519485,1
16779,273.53497,105.34986,0
3166,78.27429611730575,148.6789652409363,1
17019,79.3668600189209,191.55032779960632,1
10961,218.67880672927856,195.1057292710113,1
17656,111.59719,261.6439,0
8653,122.771545,20.966532,0
3845,30.16105667831421,289.94648908519747,1
8645,52.23508507324219,33.878848198074344,1
1146,248.94783,64.63857,0
3388,115.75125,182.13338,0
10544,290.62387,233.42525,0
10461,60.28462839625549,189.11413234962464,1
5807,238.68484068862915,66.33836394908906,1
721,204.4501,93.571396,0
6330,269.62027,39.940594,0
9990,157.60265,175.34953,0
300,243.24955884717107,180.6091470357513,1
15872,237.50717,224.27374,0
356,198.75795006158828,246.0058063533485,1
10767,52.485695,128.38956,0
11874,274.2428347232819,126.31621693382264,1
10799,203.83507,5.9827423,0
77,4.01459085663662,114.6634956899786,1
4968,91.39046426483154,49.87099695278168,1
10668,212.23859261154172,32.93680731407166,1
6470,76.29921692382813,54.60449233005524,1
5370,147.71414,185.05725,0
7471,182.98885464317323,28.94409331506348,1
10730,112.16795615013125,52.44349312014771,1
8305,103.59593185617064,11.473802131774905,1
2485,145.7149060125351,143.5323807826042,1
17151,39.20089,225.43488,0
2314,135.7619628014183,12.20265058208084,1
18506,97.42250710350037,160.66532854881288,1
3059,140.39029766788482,145.02180272724152,1
11925,244.5434587580872,99.55917696266174,1
3018,150.20149697595596,137.06938561634064,1
1236,98.52699307463074,10.298887661373138,1
260,248.23752,216.79547,0
16103,154.29085,201.76689,0
17279,112.39365516159056,161.53049434776307,1
17850,142.1698009653473,44.24702246101379,1
1912,160.3771,21.645073,0
7177,238.37349,119.32251,0
2894,44.00026712828064,204.17586840196608,1
3321,168.92330292575835,72.18521590293884,1
10938,159.26494,192.36809,0
8478,48.221918252670285,249.96398073776243,1
4379,158.87184,50.697556,0
1250,216.49716043925287,284.7050923012829,1
16916,120.82783731063844,163.72879079467774,1
2289,213.50378,190.52649,0
876,274.3742569415474,287.0786631136846,1
2798,235.6826991023064,5.971876485547638,1
1089,60.707417,276.52417,0
14342,211.0588257421875,125.82933335098268,1
11160,158.36024,48.29942,0
1144,248.96146,64.66991,0
15573,113.94600372070312,156.98909898651124,1
209,84.29370621825159,17.325532883390785,1
6005,274.89813,247.4278,0
15555,87.16257,124.91187,0
1745,20.350445,174.69049,0
15036,108.33950047775268,118.93475440559388,1
3325,95.14757410499573,72.16602659255982,1
439,29.307502010777476,236.9624173429632,1
15097,237.5821,164.39757,0
4953,30.86650772480011,56.96328589039612,1
6975,42.973575356590274,17.238102678909303,1
7811,127.016815,247.23372,0
54,285.4974812879205,130.00542676909924,1
521,271.80969007430554,114.33022620034694,1
5489,277.83730302295686,212.5866250439072,1
13437,101.73676,37.178776,0
2631,220.30798,280.05106,0
2566,99.37635,285.04486,0
6297,29.02565801919556,288.576934171257,1
12494,17.834119233734132,106.10683145195009,1
2912,106.59715336982728,47.84218498630142,1
14971,154.17743461868287,192.8611623131561,1
13319,158.30196,246.13461,0
17914,267.42877,154.74303,0
6,129.6575313476944,248.80447249473332,1
5127,261.40982,124.25581,0
12155,82.11923,14.04203,0
1173,36.64641,210.45383,0
3371,175.3561,15.145565,0
14943,121.32682,208.42331,0
1351,110.1897662658024,50.346689034080505,1
3130,209.98744,126.30259,0
2149,213.61478,190.5024,0
4150,246.8777284191132,32.84958031074524,1
9912,161.35894569267273,226.8290853678894,1
10161,273.91258103660584,39.88941565161133,1
581,195.97992,234.12778,0
9727,204.74571,83.954094,0
16960,236.58536,178.3459,0
2860,270.88339463777544,82.79315585409165,1
13110,155.50307330451966,191.23759737556455,1
3800,198.63201147245408,257.33830791370394,1
18447,20.819809,128.4566,0
4505,26.23933,165.80284,0
3295,98.92303,234.00433,0
4165,22.674510248283383,43.92370156345368,1
1894,44.50283219203758,225.30443398994447,1
680,249.31264,120.8619,0
2199,115.310196,163.16055,0
1656,15.591099,3.7726917,0
803,87.11446,57.998173,0
10104,198.35818,62.28952,0
8373,127.62638934043883,4.719988570480346,1
19513,183.16936,266.89462,0
19468,194.26155,254.25421,0
3795,225.52136,100.50515,0
1933,164.46632,265.60147,0
1347,183.88318,145.23985,0
7352,122.0782327017212,290.1656005157471,1
8779,153.85579,188.87476,0
18944,286.83603,198.16277,0
8224,237.18248,254.5536,0
14512,33.88888,158.42967,0
14051,16.052702791168212,75.99733686088562,1
2803,15.975141214622496,7.141834794075013,1
18245,167.6737068874359,127.02035673042298,1
5598,5.7436166,74.54668,0
5067,10.7313595,111.673134,0
28,290.40600290939807,165.44070434917927,1
11960,234.72853031219483,14.51699687980652,1
5404,147.65569,185.08742,0
13597,128.52284,22.058912,0
2079,239.52185,122.7646,0
833,182.29464942786217,68.86861816164493,1
124,50.58685165242147,149.96014855254413,1
8721,201.54277,107.28417,0
4347,246.66747,235.87074,0
2102,251.70352849140167,149.60216026132585,1
3844,283.1138285569764,87.01916705410004,1
1132,143.28664855422497,48.014314084165576,1
3424,48.76729091123581,109.04181680114746,1
3679,224.96428,113.56905,0
19960,130.16886087112428,106.22684416229248,1
9610,80.16031686035156,263.09278249702453,1
8399,237.12462,254.4655,0
296,14.913448265346766,64.19913016183794,1
13097,161.17458,116.67847,0
2880,50.752694616794585,114.54653464281084,1
14055,155.15298,201.51183,0
2310,290.5989161406898,134.97609515693665,1
15793,51.457893,227.19374,0
5584,39.15446377391815,40.85930815550232,1
4593,147.6866,72.97671,0
8031,209.2296977494812,66.45552433813477,1
10734,63.16791733543396,254.0815171825409,1
6363,269.29565,40.18507,0
15142,231.45396,253.75195,0
209,158.95511,166.88213,0
15734,213.656,238.3907,0
9654,166.48283,23.692364,0
6075,4.366333706832886,23.79716880860901,1
7682,162.57704,226.8211,0
12565,95.66170358155824,124.56456114318848,1
1421,140.04898883734705,12.486676018390655,1
8960,206.73972,280.26288,0
6794,105.5911,264.99838,0
402,22.142789024457933,153.64904511680243,1
31,267.342976527853,243.9020019129157,1
3016,255.57357995920185,234.2362214786911,1
9122,254.30492,252.53004,0
28,71.67471290939808,194.1348843491793,1
16712,223.743932526474,78.73930112104797,1
12963,221.38605368492125,89.04660795463562,1
17338,245.28357,8.588149,0
3105,94.740585,178.68483,0
1141,211.43700208076,12.226368458385467,1
5939,186.6606,165.47029,0
5425,109.19924572792053,49.81171621823883,1
5585,140.88432,102.706696,0
5258,222.1972857538223,89.70659082092286,1
173,90.58796,187.11755,0
17260,116.7563545626831,95.07727627799989,1
843,20.87923370546341,107.92877824385644,1
0,8.169908342021943,146.69223371288538,1
4334,272.56502462921145,154.36522512889863,1
7767,209.00166,76.86151,0
1485,286.71335,280.0183,0
2668,97.1672371654892,118.41007255123138,1
713,186.85988,32.884163,0
10451,277.9582590693665,179.0744203273773,1
7892,242.26584,137.49733,0
12275,78.79624538658142,280.0857964828491,1
16388,49.22827548179627,111.33976348678588,1
188,174.24994,98.34643,0
474,237.04054,133.42862,0
8430,263.758,15.461096,0
7317,219.655802776947,51.12425659643554,1
2377,239.37463,255.35207,0
13292,155.0341746585846,235.27618454551697,1
8784,282.9989,41.56898,0
8344,195.04052434417724,119.41744988755798,1
14874,48.037052,241.0068,0
3580,122.54225381584168,100.73948636370086,1
1478,51.324562,193.79674,0
10099,279.5987816607666,18.72724687817383,1
1287,241.81622,114.701546,0
3434,53.49157899702072,209.28894576148983,1
12375,213.92416,51.276352,0
5,149.09128570973397,249.605500507288,1
3917,105.99104942572022,94.24275024959564,1
5542,238.09165710227967,55.60284222790527,1
18,158.4100075095129,87.71571398044824,1
4613,151.08183761837006,20.74675305886078,1
40,249.22858066448688,114.97660455347776,1
1665,30.747982,285.65994,0
898,206.14479,169.46765,0
5437,191.07492,93.472466,0
432,261.35226,288.5694,0
17906,113.51151956695556,63.13969570457458,1
3386,216.3402673956108,143.63151341186523,1
8026,139.18887,94.09788,0
12086,264.726997420578,240.12011497138977,1
1605,42.837776,80.620605,0
600,241.75109312660217,243.7947356484175,1
1399,10.137491491609572,190.7305933467865,1
18140,132.55962,207.72272,0
2569,271.7971008669663,154.20595856155396,1
2,77.29446950978756,181.57354979761124,1
13608,287.49692,54.68542,0
10434,150.45899581291198,107.40415177261352,1
6789,290.11816,186.01512,0
3032,134.38329,188.88583,0
15878,15.408295,226.68623,0
5821,270.23642,146.33653,0
17374,111.7822788079071,161.16323245887756,1
1224,215.63608,210.26427,0
11696,98.19746551445007,161.81804777305604,1
15136,110.232895,160.99013,0
958,139.1355321871519,45.97715950064087,1
4253,5.501170404296875,245.41746508537287,1
10792,203.83226,5.9396358,0
13915,200.37418,106.1188,0
37,280.2655104501009,272.48285955604314,1
1371,89.433014,186.95972,0
4717,169.56859,245.06032,0
19748,237.49817,223.39497,0
11421,116.30695,165.89949,0
14267,87.3639153507843,64.90428468261719,1
9647,142.2380773032379,92.97929450828552,1
20,245.47366658835887,175.67656126075505,1
1463,163.20301272232533,125.60632853746414,1
17416,49.934048,194.69637,0
6100,88.65919612931823,184.6324203948593,1
225,25.86028489486462,62.342078891444686,1
17333,283.39299051948547,127.32042048561097,1
6083,243.9789,57.58517,0
5129,9.294371,122.426056,0
6078,272.0856463431168,262.4508715433121,1
3804,67.54211709344864,169.48359037338255,1
3148,109.69816,14.092416,0
5025,61.928997,8.065992,0
13139,255.0846473156738,192.22475783638,1
440,147.6891855109024,200.46706918694971,1
12927,107.31976,288.49716,0
10801,259.9950108747101,217.86074421852112,1
17011,43.046837,273.48935,0
1383,204.09280169177052,94.01283614391328,1
14826,214.39256,145.60161,0
3390,79.34814434442521,32.99250104519653,1
14517,50.647232,256.51038,0
1895,283.38031792754174,197.39996140808103,1
388,281.77957,138.89473,0
349,83.73295852941132,248.40348390968083,1
17612,271.21268,260.2974,0
14698,115.21056431541444,257.4048245144653,1
12111,151.40470786567687,178.56270569725038,1
13616,42.03996659103394,129.64007689300536,1
16857,49.539993,112.05977,0
9900,273.81258885238645,8.94744807647705,1
8565,147.22331,184.3434,0
2757,32.09747616012573,269.641562497902,1
9590,219.98714,268.89093,0
18420,99.1923935812378,63.83413819824219,1
3794,236.89038,133.83392,0
12838,115.134796,271.4627,0
10774,6.0845187144775394,205.85102253105163,1
13130,117.0788189151001,161.1078124597168,1
637,204.99837,157.86359,0
2534,207.2289834248161,210.88751680784225,1
11373,83.71389921569825,141.50788004753113,1
2444,47.46684539905548,36.07769935235214,1
7225,43.64557,274.2277,0
5861,172.45059,226.64217,0
9403,158.32560799278258,57.099971085510255,1
13610,81.74842892234803,246.3996252407074,1
5194,264.1992,167.98177,0
7978,68.0396478289795,260.7935338673401,1
10284,22.897926,60.411438,0
14029,169.1135,223.36621,0
9247,147.870803878479,170.71453305725095,1
183,102.45064,170.38458,0
4912,223.20603847888947,151.6500384006119,1
12129,18.531206,275.03427,0
18755,155.79367,89.77929,0
268,239.4588094758448,167.9102662979202,1
382,226.8904589149201,21.350430462058068,1
3554,152.35966,19.17452,0
8627,169.58795,223.984,0
492,222.69936,272.57062,0
684,287.25812,252.19287,0
977,161.17949,247.89908,0
3879,148.01610435281754,61.13126535469056,1
117,239.24219,214.35529,0
7969,91.98829,35.07289,0
5732,259.954406594162,60.2016571477356,1
2698,206.7394762129784,240.4177316286087,1
5704,221.6475034341049,271.1228118030548,1
46,13.282875279407978,131.29404172127485,1
13943,94.37942,15.43882,0
5649,243.80864,57.77643,0
7471,274.1623,10.215585,0
6866,198.7693,34.98242,0
8648,106.698845,113.98979,0
1926,29.772007,285.87973,0
4349,95.37354,142.02206,0
1476,93.89410611642838,169.0827561816025,1
7196,207.88942843513487,274.9494747444916,1
7280,263.63025,136.88092,0
1636,128.81757,102.71423,0
18631,174.3807,124.92828,0
5053,46.50784,172.5902,0
11833,148.54166665794372,183.80253617019653,1
3739,119.70257,261.06757,0
263,142.53413,23.858992,0
10531,140.22334,208.74905,0
5635,210.01622,67.73658,0
3356,115.72309,182.13321,0
1470,112.33888,282.4271,0
3571,242.6169547672844,133.78700624023438,1
12692,193.38814451522828,118.86738476539612,1
4367,249.02432,4.034815,0
1354,84.02893060604096,133.5896767948532,1
166,200.7024498011792,37.07306722255659,1
15510,222.61965673728943,152.08298778800963,1
6375,89.242035,157.42155,0
12170,231.23888955718996,212.2140574672699,1
8710,258.58514,287.74496,0
19030,232.35606,26.614344,0
15356,87.34343485481263,50.65703907701111,1
1204,102.19629700178146,53.58025861747551,1
3248,151.13267413341524,51.89165285771942,1
2389,288.6711861598969,78.61892974727631,1
19287,50.691574,236.91194,0
10476,204.02608,98.85643,0
2025,77.09432809837341,110.70430277055358,1
97,256.0615813338041,220.72327025642397,1
2373,239.4816,255.19275,0
1773,280.0394115918064,213.45652070152283,1
7562,208.9617,30.29206,0
16577,34.085504433822635,160.76357032951356,1
12821,34.80919,70.83774,0
15604,184.23727792167665,121.72453180541991,1
133,205.55061,123.35645,0
1079,149.57803407700538,173.68614229615213,1
9473,147.26361,184.29915,0
1841,88.80230480283737,52.750581450771335,1
17445,143.79536,278.60385,0
7438,67.82870282640076,238.86250076065065,1
4081,95.50980026433945,199.8932188111496,1
1296,230.25616,263.2403,0
1266,128.87265,249.11003,0
2914,114.1918341763878,160.43425651538848,1
162,71.33477922940254,208.7407828539908,1
14029,240.26318,193.68289,0
11764,16.444815,177.43196,0
9213,61.349153458633424,137.4436676864624,1
172,227.30427925032853,100.6243963358531,1
17322,283.47176071273805,131.99604675102233,1
1075,244.8744529403496,36.33097802007103,1
19192,76.58766,145.6679,0
1018,208.61182330133917,240.7411153890133,1
51,155.85201959266425,132.6094025734997,1
12914,105.15350739686583,45.14662969216919,1
499,72.0154262781787,194.79245706288577,1
6355,278.8131,212.8262,0
12853,204.2345838800812,39.84086126919556,1
6801,78.573975,210.42981,0
3385,63.01091968820953,217.90662159957887,1
2931,105.91120508563996,134.61121073255538,1
19295,178.30124,258.12473,0
7779,60.971405,57.197605,0
1153,238.0307439802599,147.1388134605694,1
10808,80.48397087953187,35.9625843031311,1
15793,135.05261,123.24263,0
119,196.13663,79.36596,0
79,109.520996465528,259.0649185239816,1
1779,156.41322,190.5676,0
4431,220.42042318996428,50.98074037704468,1
6040,95.94086,8.760634,0
18834,189.3564124588776,7.898272906677246,1
3622,263.87024,180.19257,0
1648,89.54131569998741,186.66362651597976,1
239,193.4685,225.28458,0
206,228.10757377299663,156.1339581451875,1
3542,134.12794462028504,210.65457796188355,1
7418,138.503,94.05777,0
12862,154.53426,249.15529,0
4595,44.52870306214142,224.5727469312668,1
8041,41.84866007159424,130.24650685546874,1
8578,254.4342226295471,252.27731119743348,1
1801,156.22687,190.61523,0
4,115.34152,66.31349,0
1074,47.856244120554926,20.0059127076149,1
7071,156.20696626815797,183.3219404323578,1
275,38.53289243726343,171.49961035048275,1
3243,39.36599732659149,41.07237961624909,1
2485,261.3043460125351,139.65607078260422,1
12381,68.29156714065552,260.8060671485138,1
1048,157.71184629215003,184.0338547411537,1
5904,122.151405,78.82742,0
7469,274.0778179523468,10.052170593460083,1
5052,174.06938,212.69255,0
13527,92.35174655914308,277.0420813874054,1
1496,54.001068979878426,210.64517346153255,1
3048,152.70933833786012,61.696823429367065,1
5788,47.202736,18.791183,0
506,255.85868673084255,153.74079178561686,1
52,231.9823451381016,262.8426831698537,1
15363,64.68753,71.797676,0
7214,34.34566764582825,166.51846503433228,1
12136,130.5162550151825,66.08959381858826,1
3024,249.5918448943329,225.80489757961277,1
2387,86.91560634998322,42.71015910289764,1
2307,206.1340290989685,167.91497387878417,1
8139,51.23596,120.40995,0
2113,36.93103,129.88031,0
17192,214.06097,140.18248,0
3881,244.24405079015733,184.13280911735532,1
53,279.3023423748207,9.2829975708704,1
6813,186.9308918465042,135.9656649810791,1
2032,3.834085843587494,230.36077994239807,1
7526,87.083626,141.55666,0
5569,74.46672299663544,263.10809489765165,1
6477,37.160625,286.239,0
16047,86.01691,155.43481,0
491,246.57439,103.22893,0
921,148.0933418844104,216.8207703053093,1
1286,164.50124556146622,170.61655325792313,1
1405,249.4884472626734,113.79262380457878,1
2340,213.53546,190.55032,0
8987,118.05026471359253,57.70282706575012,1
11675,286.56192059066774,239.16207274528503,1
4053,48.29791904611969,242.9501031791687,1
2181,187.54303,277.04907,0
18458,191.35046,82.86223,0
17038,16.383612,177.70956,0
9308,89.76628,98.68724,0
4442,200.52591,60.5612,0
1101,19.882095,265.35956,0
3388,147.60092,75.211136,0
18788,120.2561,98.20545,0
754,247.03119,202.74811,0
1757,152.70816739681243,174.21123836019515,1
904,223.29774,90.52681,0
19701,254.71129,230.31451,0
7649,269.74242603271483,82.43386296478272,1
1806,27.867107,130.19832,0
11915,272.4821335778046,12.93092290890503,1
12323,221.27072,271.11563,0
5579,272.3970593072891,222.5453132892609,1
4582,234.00800247291565,25.24628829521179,1
6018,215.33145456661225,284.41553143360136,1
562,9.039262282226565,159.90624307394503,1
5823,270.2482,146.24367,0
5460,71.27629961086274,230.71097201171875,1
2118,103.65056,112.35741,0
18574,226.0852291683197,278.1016229582977,1
3068,27.909493723270412,224.8468831196976,1
6478,47.274746,159.91055,0
295,102.46363,169.86435,0
2673,246.49185,104.50313,0
7630,27.488984373031617,262.9880879020691,1
17719,211.92525,126.06922,0
6636,123.81573186901092,23.872809433830263,1
773,52.324802,271.28717,0
12085,209.8537799752808,65.72387955566407,1
1945,98.719124,285.00616,0
22,172.54094,226.56519,0
16254,252.5257887568665,149.58710714607238,1
9190,193.14749,195.78914,0
4190,48.74773,146.07687,0
16584,92.35691,281.87122,0
960,135.85823,251.36705,0
3012,288.49210427034376,279.79898333618166,1
8043,242.32983,137.45364,0
13640,187.4620837905884,224.71942760513303,1
7869,16.664854076293945,101.05983117774964,1
2594,125.42458948818206,81.31414321523667,1
16460,216.20198,200.3383,0
2382,284.89252,44.166428,0
413,259.34003,245.718,0
75,122.48094460425617,199.6685859256148,1
17357,116.309074,164.15146,0
2950,128.46263131328584,5.077129213078308,1
3961,174.93196,125.74793,0
398,83.54025,266.0962,0
7062,50.90652,196.46489,0
10885,125.78787,101.68793,0
676,110.23885,261.43692,0
12708,174.33913,86.91074,0
9121,187.35555,43.758533,0
11467,193.27736,115.18501,0
16887,65.72665,72.08918,0
13943,88.5927,156.2443,0
1278,82.83714301931857,190.31950273859024,1
4102,287.0276,245.23743,0
6310,101.33078239360808,52.10010997501373,1
10304,256.2664754515076,14.219515090362547,1
580,284.8780432161641,88.02864532936573,1
18907,138.1867,248.53447,0
5059,37.190125,171.37733,0
7125,279.15952,166.60703,0
1503,83.01979918371677,15.66799966470337,1
8897,53.26168057446289,208.1059448589325,1
140,195.2559829569936,84.71308847404718,1
3467,213.30596190608975,34.1891882349472,1
339,140.39278,30.844772,0
6505,114.59296,2.9159582,0
18474,281.87946,147.38739,0
7604,120.09009,79.4625,0
12881,278.3146,259.84,0
5925,118.43358,188.2048,0
6841,67.07374,238.76738,0
9281,35.08230076905823,167.04177141723633,1
15133,122.86228,61.550953,0
3335,99.02495,233.914,0
6072,288.52001097110747,291.0727444179535,1
12463,75.14585897146607,4.741397358728027,1
8131,179.2177694254303,246.90336606376647,1
13744,215.0485945744324,37.76008944650268,1
4255,186.6710729172897,136.72647238735198,1
7168,197.76395,69.84204,0
9199,215.0254968295288,216.59859557373048,1
12131,115.00298,270.2842,0
6359,147.85427214687348,61.08704216540527,1
3311,144.03282114070893,102.29829434562684,1
202,139.91579,75.82767,0
6679,184.47401273117063,210.12440881786347,1
11346,280.00632697181703,18.786322288345332,1
8373,239.26596934043883,242.10170107048037,1
12042,203.73885,98.12093,0
14445,121.93269,197.35265,0
11931,235.63662967552185,180.11178227127076,1
3004,273.01007,11.5204525,0
15317,68.82187,238.01668,0
7653,194.9432392362976,109.01923528259276,1
3407,191.55487,253.23189,0
9551,254.4972603634644,216.7441948362732,1
4760,41.63221306853485,245.6583381285095,1
9718,191.86258098823544,155.85774686798095,1
19315,29.414404,284.87354,0
8294,74.37495758576965,179.18395691879272,1
7486,290.0453353012085,103.81004928359984,1
13018,162.28934,145.1069,0
9613,263.8318,102.87295,0
14538,228.24898878555297,287.76436696083067,1
10982,157.0752496611786,228.02432897995,1
7460,151.96583641311645,107.16429432647703,1
8091,291.00058,233.71143,0
3896,96.8677274141121,8.800434808372497,1
19310,35.45129545834351,215.06470585388183,1
5905,271.8041,46.926334,0
838,229.36339,55.75713,0
747,150.0004,186.45825,0
8413,289.4306307997132,290.62315892196654,1
3245,256.14307,232.06432,0
13273,142.81796,124.76296,0
261,8.625456513726503,127.13745603226752,1
2103,77.84683,7.035909,0
13211,260.3670507976532,136.69422753723146,1
186,37.830986,73.89107,0
1953,165.48802,147.24652,0
10280,111.33779,127.2563,0
1355,270.34065725914,22.195942865203858,1
12846,273.13960978012085,40.00242098976136,1
1954,155.84230235655784,250.18927206357955,1
6747,166.8221,202.50081,0
374,266.8998,18.269415,0
9637,98.76635,23.197363,0
2491,283.7185607319832,79.89496176632309,1
2854,197.88812,244.1009,0
11156,121.91368001243592,288.80110949813843,1
784,80.68364,18.356592,0
9600,71.27944256082154,230.31648137138367,1
7664,195.85622359428405,242.9326899876404,1
3516,115.70472,182.23364,0
2483,91.11050593402862,50.092843430202485,1
9473,289.30426,288.02185,0
4989,60.603403448921206,155.54766080551147,1
5449,52.258484,229.02263,0
13127,140.4345919028473,44.26273740126037,1
5124,131.89154368305205,67.0215309827423,1
3059,277.98398,147.59624,0
10894,49.2701564375763,158.53160239089965,1
3515,218.27226,100.45361,0
9329,229.03912798347477,288.49416734169006,1
15548,189.0962866194916,194.2895343764496,1
4787,144.6725,279.482,0
13172,199.3144,60.220753,0
7918,138.59311,45.089092,0
1651,263.76087397755623,43.124258081005095,1
4542,13.605699888015748,61.67718140649414,1
9917,157.90309750801086,227.9700157028961,1
18684,179.062,65.87863,0
63,258.62592,194.89838,0
12256,150.14406213768007,178.74554971977233,1
14772,27.903027,287.91348,0
7474,90.82594467941284,99.80188475509644,1
1708,46.27999,275.1633,0
937,126.8633152525854,81.18761504001617,1
1435,254.21733,259.98727,0
6612,286.8686,131.09941,0
3667,245.66895122106556,10.832189074073792,1
9204,285.98367,240.26428,0
33,65.64002,256.01318,0
8911,235.98014438926697,145.85702155456542,1
13994,191.62272953285216,81.85057914396667,1
987,290.42722,67.832726,0
2532,24.895075,77.75488,0
16800,191.35767,82.6893,0
5069,140.58966,22.52714,0
4564,51.792187,269.9734,0
12179,289.83142,184.01653,0
16376,185.7237295703888,52.92360350382996,1
7,269.916018758893,70.95221535389662,1
14137,193.0626385712433,133.88934026512146,1
9093,219.91,268.93222,0
9100,158.24942,20.551441,0
9127,128.03922152297974,246.9493411212158,1
14825,19.642234523925783,97.52459445625306,1
19078,178.16849,258.03162,0
5361,237.64244428024293,212.3134970523834,1
2155,282.39505,262.44867,0
1775,37.69553799294472,282.8835595245361,1
6921,203.2613266091537,6.994390520446778,1
10099,84.4151716607666,25.61164387817383,1
2862,205.36357189220428,132.03745171123504,1
10607,244.09968453086853,289.0380441620636,1
1903,275.59012,221.23044,0
9338,236.40787,177.92023,0
8126,236.4884404017639,210.9313292491913,1
9033,118.57906783348083,126.50580239006044,1
11337,43.32139583886719,202.64188625282287,1
1188,40.99954711211777,228.06705668653487,1
1853,116.9036368497181,9.389760576187134,1
6052,122.78743576347352,92.85713257411956,1
4025,163.962,265.1116,0
4802,134.44034,227.05742,0
19706,146.06705,73.199524,0
443,116.451065,10.59278,0
3067,231.44771,261.31104,0
1454,85.97730824220658,96.37558088741302,1
2951,114.61581815122604,237.61147007274627,1
1228,183.96036,145.43394,0
375,169.67543,74.22994,0
1034,220.48270563276768,196.6923866474533,1
9595,171.53163,172.05502,0
12243,276.26153348968506,170.86879630203248,1
13865,20.641048736984253,41.01705099304199,1
6284,61.67544,7.750791,0
10442,203.34960379997253,6.763087196807861,1
6621,54.729824,198.36298,0
829,13.558541943055152,80.50225526717186,1
16305,253.89153,216.54729,0
20,70.612816,262.7925,0
15660,46.214787,176.65643,0
639,30.54109967507076,252.24931967812535,1
5616,256.43294742145537,192.65488432201383,1
1520,246.65887,201.89064,0
1358,290.948,70.828445,0
19148,262.1359683305359,166.11504958206177,1
17421,150.31425018966675,119.84204390396118,1
5107,91.04683,27.421694,0
19170,232.46634,3.0846572,0
6620,214.56912,208.6006,0
69,76.42956609793902,180.91951517701864,1
85,111.43412320775032,281.051745332067,1
6833,282.8358377844238,128.25028655235292,1
6559,165.23519455539704,194.7838657764053,1
4276,6.398550972885132,34.90924363652039,1
8332,190.02016094444275,195.82664240264893,1
8482,247.1369585229492,224.2131357611847,1
18622,93.426414,268.72446,0
6566,51.213610560935976,258.4713382121277,1
924,18.55187,11.372564,0
1119,86.25404239563466,94.71921198245047,1
5958,143.8671886585617,125.424917952919,1
299,280.80954742847683,272.3981421564996,1
17986,271.11157,45.854317,0
7309,87.34063884902955,184.3074450514984,1
3824,36.81921584669876,28.62953156630707,1
18742,178.54839,258.23926,0
2638,191.81291,196.60066,0
16173,250.5131779535675,147.13330788650512,1
1490,144.61475,153.87259,0
1753,39.01462549388886,138.94958672668457,1
17251,22.606585,60.018417,0
2651,85.659935,42.341263,0
1143,272.08115,148.65099,0
7837,242.2858,137.50613,0
6393,8.316826,221.1706,0
10538,234.48445,132.25157,0
528,213.7417,51.177452,0
7574,36.66089,229.15613,0
4281,17.957111,9.596856,0
15296,190.0288,205.47469,0
5037,155.7439,192.6572,0
7504,99.77811,24.230932,0
7347,243.7352386455536,182.4265927067566,1
18837,20.900532,128.17319,0
9376,87.36207921272278,147.49561679550172,1
8043,6.1545963,231.64697,0
10281,109.4726,118.60493,0
4028,98.07306730880735,59.78979774642944,1
9207,121.71861,208.78142,0
12817,232.05812,119.571625,0
17810,60.905815967971805,64.97560586128235,1
7255,184.32907,288.22046,0
10969,243.86030030403137,99.89730760818482,1
4872,174.4769,51.22424,0
896,82.692074109262,207.62890641283988,1
1716,220.71837,107.60725,0
72,252.9438279377699,231.36780206444504,1
1669,164.99136265912057,210.88945158205036,1
6354,269.33655,40.23025,0
216,95.25999297814846,86.74892058180302,1
322,147.2889647512591,9.884495615736126,1
609,24.126125,63.30975,0
10323,216.298305905838,37.4094122625885,1
10180,254.730700894928,229.7900250591278,1
2739,22.1034,130.8926,0
233,217.17200375102985,130.8077429748048,1
16782,203.336333974762,40.125595453720095,1
12253,272.8526550318909,9.027759299545288,1
612,246.2367,188.505,0
447,265.9834958371115,104.2425985098052,1
12405,48.012154,250.433,0
17036,207.38206,18.714502,0
3117,19.04354,291.70676,0
864,33.90638429184675,258.4213951149559,1
10850,232.0803489959717,211.85595669395445,1
4247,262.92093870536803,41.524876212783816,1
2918,90.28560025336836,117.19615200437546,1
11015,231.49052,65.78546,0
3062,174.71486938812257,94.81920562602996,1
16770,75.98815,53.77028,0
18979,231.47743,212.43958,0
5876,255.9323464066315,14.979951422729492,1
15553,239.50383,193.4591,0
1039,36.68424872087288,85.6414121345806,1
9165,261.4199,122.68531,0
18462,106.05356,110.88049,0
8969,206.73451,280.28647,0
10187,178.70976,257.24707,0
3239,156.14369,249.92834,0
667,183.26286,11.989531,0
646,166.53946,159.68695,0
4066,187.5708370240593,137.43054571598054,1
11787,22.809237,60.245224,0
14390,238.81758,251.81598,0
493,230.0878444682908,163.63537146948815,1
2964,180.377111119442,111.07618715763093,1
8351,18.173527,221.19194,0
2750,164.47044,97.55742,0
933,198.22403970264676,31.490072187861443,1
1966,158.99779839319228,165.08463776973724,1
9102,171.66917,251.01935,0
6028,31.89981627997589,269.837630550766,1
207,224.7505365523708,115.0989458156979,1
6604,82.74813360389709,132.80995417686464,1
12148,109.36804,118.40037,0
926,4.75797797648201,229.65457586937904,1
6029,14.40871,216.96046,0
1597,53.33643723184776,121.03251038455964,1
2763,237.06204,287.35577,0
256,135.13321,263.69394,0
5397,192.18845,138.24207,0
11760,104.9032,133.08904,0
11035,225.41370548873903,68.53355438545228,1
10998,129.2752170626831,106.86331593193054,1
1174,153.45359626536847,21.745597291721342,1
3835,47.562639111385344,290.98980754138944,1
1951,76.40151827694893,158.98980355295183,1
13383,246.54982027618408,194.41715391006468,1
8656,286.3895,277.88293,0
3888,282.36697,197.50056,0
2759,287.93743678712843,280.0857501235771,1
15977,139.76042381988526,217.6128317630005,1
8299,37.44261122436524,135.9362334677887,1
269,108.60949332405508,258.4447668608813,1
2430,241.02450989551545,76.95255648025895,1
3871,122.19798166744232,130.5979309853363,1
19609,7.7412357,220.49348,0
9283,141.66163340797425,100.14603942237854,1
8342,98.71133200073244,64.86757209487915,1
11146,147.89922675758362,136.0739955204773,1
312,191.89282,254.37138,0
12242,143.93452,278.59192,0
6752,214.07172,208.46504,0
4331,216.266174360466,143.93714284275055,1
11947,127.299225,190.3728,0
2071,263.0398055540466,125.3041368216896,1
6493,114.521286,3.011157,0
2238,165.10188575105667,194.8809220603752,1
219,215.10976,51.29052,0
276,36.81316494211704,168.73551426993043,1
1263,270.47293,253.42963,0
5441,47.051495,178.15648,0
3314,107.92657489728929,242.4411014484024,1
3541,210.5796023387146,31.030810096481325,1
6753,155.82786489124297,184.5652060359192,1
48,78.47974311894417,8.599206634765626,1
2936,101.45775943227768,204.7695282767868,1
2621,23.071817299842834,215.64424498456955,1
74,143.94347,47.148613,0
2171,229.11308,82.792206,0
7391,32.98801445573425,263.97008302085874,1
354,99.77343,286.3229,0
7750,226.6483,153.11752,0
8912,236.60242,286.54208,0
13449,163.20677,145.56927,0
11361,286.00333,107.96013,0
9612,189.86357877449035,252.64916805458068,1
3487,159.121,164.20045,0
3315,69.69889361087799,179.01730488887787,1
10798,25.589602,28.01834,0
16513,237.41323777427672,53.69134165962219,1
17877,157.09886,270.41116,0
4037,284.43445,43.836338,0
2331,98.3057,79.807365,0
454,96.23276913081884,200.08166866580487,1
800,87.35916935089493,111.01496712917329,1
5860,211.70778,189.40886,0
19959,214.61429,100.71654,0
9200,286.3208295894623,76.6031364263153,1
16477,237.10753643295288,53.57147190811157,1
9200,202.3502295894623,244.1466764263153,1
15577,46.295242,176.70604,0
5485,83.51536798519135,142.07863180706025,1
8899,118.915115,187.28447,0
17973,122.949936,61.89724,0
2141,3.399383018560028,113.17514333356856,1
7502,235.15158003349305,196.19765612991333,1
557,43.98661035224438,204.279047792356,1
3079,66.96907447565079,277.0160920394135,1
2524,191.84912,196.80191,0
4720,235.55626,132.69868,0
418,237.71146211161252,17.660994599183798,1
1044,67.00236730786563,147.10865129003523,1
235,224.82691317436843,119.67349889719934,1
1083,36.17672444853401,264.3119291281414,1
10017,81.32510970741272,189.25414589500429,1
14292,222.31523,111.85978,0
18421,180.78532,9.069246,0
13555,132.57332,261.06815,0
1577,144.58446866511346,126.7697779636383,1
15171,34.10662463208008,26.14145229260254,1
698,30.61176134583235,252.0178758142805,1
11067,134.64441877975463,123.9016516516266,1
12508,52.82297240484619,208.56315107299804,1
7349,189.98456160316468,206.23909740119933,1
5895,241.40553,232.9673,0
2130,98.0012,127.1959,0
3933,83.84226353382111,213.25271089416503,1
7147,141.89932,93.17079,0
15344,145.1179,88.67611,0
19245,187.9732556496429,224.8944080660248,1
2487,224.138288534832,231.5446028567505,1
561,48.56679621025992,20.969994907358647,1
138,148.59102188447594,200.6697576673138,1
10124,244.35673055038453,49.258893268051146,1
5737,124.70352202049256,79.56058997890473,1
3319,210.84679,123.50184,0
18406,20.67855,128.41115,0
2318,162.3168777471924,56.39670125122833,1
894,187.69803855053905,124.62977785387992,1
67,9.69176,76.218414,0
1850,120.0705734499073,127.73175117494584,1
3861,204.7773548768616,132.86431110290528,1
5456,98.193115,207.29832,0
1860,197.1448,217.21861,0
7662,139.05868149528504,261.15210930557254,1
16743,55.82827029031372,251.01248145492556,1
3336,275.9221106252098,127.02222979164122,1
13520,138.67131437179566,14.371328933868408,1
5054,61.410695059173584,154.98501855964662,1
17846,234.6557933947754,29.77474103945923,1
1094,257.59534,254.02768,0
11422,16.47011,177.44691,0
4944,177.44705,129.60585,0
206,202.25671,235.47859,0
8747,222.37238280807492,271.7312259635925,1
2101,115.70602,4.137322,0
4558,258.05957,277.43442,0
1708,73.64330633063317,124.67283386657716,1
9287,162.6870142756653,209.86971283721925,1
13068,64.67586,274.67377,0
117,83.59421793317938,206.79887005957605,1
530,181.10222081066848,248.60184322608947,1
1303,98.06308,52.886482,0
3230,109.13184918783188,50.99294358069611,1
16149,150.68621785980224,82.13272346391297,1
14423,190.70251,139.4549,0
18377,155.07107369041444,247.8911886048126,1
5625,208.4473,127.50191,0
656,183.2391,12.071064,0
1422,56.46391801534653,32.771528373485566,1
11152,213.90936,238.64912,0
3689,140.59865,250.47601,0
3419,242.96465,179.7001,0
3544,106.79878,203.43726,0
2,17.66473250978756,229.58477979761125,1
6860,4.233183618682862,245.5489202861023,1
10870,58.962284,262.68716,0
76,36.81941510715723,217.77114542409183,1
3204,139.15049765708923,46.91122942280579,1
5331,215.03233775367735,217.55833811851505,1
1947,4.1318474,200.68813,0
2723,21.579662701148987,257.81110813829423,1
2520,6.5079083,246.20747,0
4928,11.015077,111.96362,0
14148,276.81982,146.13492,0
174,256.97174,279.9179,0
3159,283.04462,148.24242,0
3457,122.35271496259688,118.88015390279388,1
10944,214.85606,140.85445,0
18328,6.4653893,181.94197,0
531,77.267235,7.8517056,0
19707,208.36983,10.113008,0
6850,267.70007,265.95523,0
440,92.6265855109024,52.11506518694973,1
6769,50.701584,195.51431,0
16647,256.97134,45.451828,0
1502,270.07922469297887,156.48610707647325,1
6315,269.3539663034439,2.5598127258224483,1
18890,129.13345,39.601196,0
8911,138.54626,250.35074,0
2548,196.74963,30.713274,0
16469,49.48824,111.91055,0
6388,164.172609167099,194.6638128996277,1
691,93.1929006880784,101.38256491369724,1
3694,215.44331,103.3122,0
2021,20.0999313768158,201.4853090506363,1
19065,4.51387641552124,74.0937911566162,1
2857,44.180195,203.97049,0
929,134.53612220065594,191.1222333933878,1
8705,190.4826336540222,117.7794866721344,1
3714,12.407989358989717,267.46811138507843,1
2238,160.14354575105668,291.45228206037524,1
248,79.75755667878465,133.56599894740555,1
1324,190.91061207125665,227.0185798748493,1
92,200.5925,37.22766,0
1367,158.28291090404988,165.26581740754128,1
15900,203.84971500656127,130.79301422431945,1
17280,57.7661,238.18257,0
6909,210.94314899181367,32.64013866662598,1
6424,273.266405677414,32.42243372299194,1
11317,85.40038007575988,191.61999024124145,1
12930,8.11552864704895,26.593793533325197,1
8123,260.09793,103.03017,0
6379,27.90981502812958,250.68323190498356,1
8761,87.66185806556702,210.9109803247833,1
8527,278.17250538002014,259.9220893801117,1
5713,61.42357512424469,8.297529379249573,1
5592,51.72005390075684,237.23268065631868,1
3139,238.63116,179.49318,0
3439,271.74564,113.81656,0
4334,163.18805,87.19491,0
5616,208.48946742145537,219.64548432201383,1
18952,279.9893179081726,135.002680278244,1
4270,129.93925,157.00085,0
8566,113.973236,8.151124,0
12285,235.74026,177.05788,0
6733,87.88743152454376,66.47249165481567,1
50,134.7914757385087,21.251053781808377,1
9968,58.79064326229859,262.3600084313202,1
8393,160.5428218031311,123.07465471328736,1
5128,157.75224,163.45975,0
5687,135.47102287109374,123.7457858258438,1
11704,198.40196,211.00835,0
12144,152.22084593414306,59.56427970677185,1
13007,3.9553087,33.627342,0
1409,279.0906744015217,180.789619479599,1
2257,86.57413,289.3495,0
6372,14.332515210906983,7.186761931671143,1
1365,60.508278,240.97653,0
9793,23.951589393783568,252.14939139167785,1
17635,163.8625165271759,51.59238530357361,1
8704,121.10327,158.30318,0
8231,50.735855,232.5251,0
3909,74.0084752671051,124.7594619455719,1
8194,93.90007,269.35403,0
6032,90.41066658496857,202.90482205669403,1
6261,14.383665,216.77966,0
11034,172.29405,95.45361,0
225,34.645252,48.271633,0
8152,222.5782410308838,271.0140893444061,1
17487,113.99532,157.7801,0
18251,214.52502,129.0727,0
14818,27.80418110699463,288.0819788700104,1
778,8.961117075954913,158.8780179804659,1
2327,31.962974437465668,270.6134860445023,1
16435,47.87787489997864,108.02129427360536,1
3304,12.626732040260316,78.98086648834229,1
11212,139.2208504771423,14.945689125289917,1
67,18.2928178057127,44.30335481787157,1
15536,243.56201,185.58136,0
95,217.68652,104.11315,0
3533,77.856316,181.9808,0
17766,44.21892323669434,153.6751299874115,1
5484,34.86733705851746,208.02085028598785,1
28,237.91203290939808,184.04680434917927,1
3546,210.0865859383583,30.60613439693451,1
13480,33.2147996530304,161.6306188572693,1
9254,19.168810331085204,151.81602738807678,1
15998,155.21227,85.74602,0
16439,110.90821,126.69395,0
147,141.15151910208584,13.22367447402668,1
6800,257.06787,250.11435,0
2935,47.035122,273.596,0
2223,256.2955009128761,254.40446375635148,1
68,43.96405512108612,164.76802111001493,1
5,64.47022570973397,140.436640507288,1
16270,193.25156,132.78943,0
6463,114.34600323501589,2.468117116184998,1
3281,158.07727,164.2241,0
16232,224.35639614471435,19.20827129333496,1
4206,54.348442,35.080013,0
12525,107.04724,113.3931,0
101,27.92519729254913,150.26551897869348,1
2245,283.91034,281.31924,0
3202,212.2248421945953,271.13111914951327,1
9419,192.87701881973263,102.17740176573182,1
1823,156.30946,190.56273,0
9256,26.9936273122406,235.61450051620483,1
1,113.7555010243845,55.70391631193876,1
280,19.81312722239316,102.77602067045784,1
2077,148.8872650841713,249.2856895959282,1
6120,233.26747,53.976543,0
10357,146.24417,73.55637,0
4801,134.51907,227.16891,0
4556,239.19631666820527,67.46693216388702,1
16762,47.70737,250.22708,0
8137,260.0861,103.10282,0
8851,196.35832,215.40907,0
16337,206.10983,279.3896,0
1343,198.73004944021224,53.1289361992073,1
12091,255.14253725608825,233.0495027788544,1
10077,97.71267964004517,161.85743207473757,1
6207,60.07129420230866,154.19994554798126,1
3179,210.88667,123.56641,0
12281,67.39867871994018,177.9882854763031,1
7217,242.82178,243.1304,0
4654,65.2717,253.83026,0
8320,28.86645470043945,20.892764552719115,1
9151,225.19083,191.97542,0
7261,167.1754584187317,148.8026221585083,1
13215,61.56868120361328,215.84730261650083,1
6795,18.313992,276.39328,0
8944,197.31512,231.61665,0
18998,24.118094906188965,58.9602072052002,1
19163,26.115587,234.11769,0
2332,6.986866309941101,200.87028955221177,1
1667,54.616337,36.291714,0
17717,107.20147,48.462624,0
2322,115.71343103761672,66.14231152200699,1
1232,135.00516,210.29604,0
9599,188.8721713156128,9.576882354187012,1
17984,110.9551,183.77289,0
10889,50.08673,194.64442,0
1456,187.39415064302443,123.49633594934464,1
7527,257.18738,249.92259,0
1114,283.8202240217209,53.98496812402534,1
2813,283.67193190462115,280.54712827568056,1
5926,239.71568,253.19188,0
6652,20.35775608998108,99.3495354296646,1
5713,227.16733,153.6118,0
2566,271.48483,154.05331,0
19647,166.79157095741272,171.26889460906983,1
4125,160.82817,247.34875,0
11655,272.2548087451935,30.40861507289124,1
4908,19.788807,263.83887,0
82,203.48753751644367,94.3104685082078,1
4115,22.582521,131.17342,0
6715,38.828075,251.30399,0
8107,250.60114,226.83038,0
6262,61.66977,7.7173214,0
3316,102.56162262248992,51.934623806190494,1
12369,96.72393374687196,267.10419353317263,1
13743,245.30045,8.700646,0
18390,199.42781,58.38814,0
73,30.12339950838661,220.05744924579145,1
16048,99.43847,88.38435,0
4647,178.95710511787414,248.15581404979704,1
8893,201.41406,106.092804,0
1476,218.2016561164284,272.42767618160246,1
970,291.30182,105.98909,0
1684,15.719844386722563,82.49845460481643,1
18677,202.79034,45.999767,0
98,226.0071824355793,232.6377663324428,1
13874,184.8608,287.05563,0
7282,290.2587,184.6797,0
1769,54.70018276946068,35.065849996795656,1
10753,34.68258526435852,215.67768084365844,1
2313,280.3870778315735,162.92481891132354,1
4278,95.39494719932556,71.48335557468414,1
19763,148.09062,183.5579,0
13643,175.31407,117.524666,0
19241,282.90414,227.87137,0
4593,197.76466,233.06903,0
19091,26.082232,234.10965,0
8274,246.39323,243.84235,0
8901,255.4781,228.48772,0
1289,192.71492,242.38274,0
3804,179.56544709344865,111.08015537338257,1
27,116.11578851351736,163.139983511765,1
9025,186.8646508724213,52.535166633148194,1
1553,66.09000527565479,255.1930128294373,1
10604,229.6826216079712,46.015256285736086,1
7150,97.95878210792542,267.9958932985687,1
5090,24.494713,60.26423,0
421,238.25466682414293,197.45140533056497,1
11225,240.04928593963623,241.64525565307616,1
9390,195.30249145736693,28.41693801716614,1
16101,288.76398,110.89804,0
10197,117.72660013153076,37.41231239601135,1
10166,198.22154,62.148525,0
12604,285.50082,249.73616,0
17827,282.4754,40.93015,0
2913,250.17064338567732,23.121617363414764,1
18057,123.57113747077942,177.79715036872864,1
6238,193.66661511333464,134.12166345222474,1
8401,6.180009398895264,33.1507224634552,1
5961,227.81590418144225,152.61336549476624,1
10703,191.40997827476505,200.26853666740416,1
3711,139.98463848844528,30.4977466187973,1
8382,50.754883,232.49808,0
11326,143.282,120.100914,0
10028,182.06294269981385,45.7515820284729,1
6962,47.890984,176.9013,0
2978,216.74095,129.90294,0
12636,20.93694,128.54274,0
1478,215.31592,70.307106,0
1528,270.954078961606,21.548224094753262,1
7041,93.6273132713318,198.28482048034667,1
407,166.56162403909565,55.27479920856833,1
3401,84.3534,127.951126,0
863,82.728615,207.86223,0
9958,89.24901708732605,201.62418446266173,1
8129,251.01155653121947,227.4185835286713,1
1856,207.84649729909896,235.6898912096596,1
12679,192.0788233305359,137.4446135205078,1
2041,103.39059,112.232124,0
11517,269.61416787139893,19.876261772399904,1
6605,252.67129975299835,279.4981636110306,1
18384,197.8479,210.6549,0
4290,246.4092,235.62549,0
9875,157.58478,228.23093,0
5252,112.648575,81.54792,0
1682,152.03299,46.263126,0
2366,6.6454477,246.36974,0
19188,86.16754,155.08057,0
96,165.03053,265.8592,0
8707,225.31651,191.97429,0
11404,286.44443,129.9173,0
11421,105.46326,93.18094,0
292,279.4107,149.20107,0
27,137.98468,12.588166,0
13918,82.57757,145.6687,0
13700,129.048,39.133614,0
340,135.15529,263.78342,0
17182,236.8298,178.39458,0
15701,136.12303,72.545616,0
6209,5.5208974,74.33535,0
9474,231.29885804115293,253.78230451522825,1
9006,19.301959751663208,106.72659672782898,1
5020,111.98394,124.26755,0
336,216.7811792671168,146.9488430224961,1
0,282.24686,262.2203,0
3336,167.4245506252098,172.07515979164123,1
15073,142.61357,182.35506,0
12021,210.02797,65.97096,0
2459,13.644229289512634,130.8095930996895,1
3772,35.07473121169281,166.43718913417817,1
18015,178.987,258.23328,0
10173,242.4488811755371,64.84734714897155,1
7941,242.0457245478821,177.68522290893554,1
19931,215.5564079037476,111.55583747901916,1
2406,271.19318,113.421715,0
7207,214.04073,208.05371,0
13864,205.9607,208.63148,0
5460,56.5889,2.850092,0
13077,124.36963322120668,177.89431935462952,1
14687,146.53157,184.46976,0
11091,87.15850938179017,148.33321978630065,1
11597,96.91317584190368,124.52161624229431,1
6805,268.6280532256699,2.004645115939331,1
9191,261.31772,122.659485,0
12723,234.48989857170105,28.834381874679565,1
8505,217.14158984947204,200.3795078498077,1
210,196.52165,234.21223,0
4100,121.75577577322387,199.52435102363583,1
13989,196.4707,270.78998,0
13908,200.44038,106.13613,0
13503,249.71336,228.98767,0
12279,162.20480753387452,86.97300326416016,1
8728,41.82976648216248,202.8714724609375,1
16252,105.42926,45.820473,0
15460,32.970036,73.08959,0
7620,6.382876852523804,157.91210829284668,1
4199,245.66748,186.60162,0
7554,188.08185699783328,44.93321116079712,1
396,25.80469602799797,260.473447710644,1
632,43.72094416977167,246.30636702448845,1
16278,192.98936,114.72138,0
3693,230.53971527500156,47.12170306261444,1
16160,142.68001,119.667534,0
7788,252.5708,258.24588,0
5059,19.405373,276.44272,0
121,282.1945336279225,164.1256364083612,1
15321,194.7124,254.11139,0
3631,67.488594,170.64488,0
3981,3.1997266,149.1279,0
3301,270.6222,40.8554,0
7193,127.61684728679656,247.81343697021484,1
415,125.49862582941412,65.17727624453784,1
326,69.32417,165.41904,0
8657,286.34103,277.853,0
16376,239.32826,193.04193,0
4229,87.29896730121612,192.63897412677764,1
3290,189.2448,60.072323,0
13814,23.50625,257.54202,0
6537,5.294789686035156,143.95310503326417,1
9093,63.639935,285.21234,0
9520,36.56623,280.94495,0
9092,202.00879,154.61758,0
4358,208.91760796524048,275.1086089967728,1
19950,244.77772289245607,30.308213750717165,1
5376,158.29793,229.71355,0
6492,42.5033635692749,129.54545425167083,1
10063,281.1364,51.809994,0
15734,231.40407,212.62389,0
9261,266.2227,265.39325,0
13959,120.418144,98.29187,0
3047,22.141773,43.70892,0
2979,238.2147752986145,146.83193670066834,1
13245,121.2061662089386,97.95057634246828,1
9,249.39910894570824,115.29836368737698,1
3112,282.48513800136567,148.0344482749176,1
17093,268.83571922340394,20.203606479522705,1
10084,150.24917690734864,81.54350147422791,1
946,196.15824492242572,120.97622462483406,1
7769,163.25416813209534,53.31973468273926,1
5344,60.81506332115173,66.14321930789947,1
1797,193.0455223416424,241.7742039542961,1
13193,101.88305,37.177517,0
10841,279.46664,134.95233,0
18996,231.3916,212.37695,0
8235,34.11191,263.29962,0
17146,126.82338,101.50576,0
2807,164.50777,97.645584,0
5,245.839025709734,67.88115050728798,1
4866,130.35431,22.990244,0
5921,275.682041460495,24.15621041740417,1
10212,28.08257373283386,20.799073923461915,1
9594,87.21483,141.07059,0
262,147.72727260424494,212.3566031660989,1
9275,173.4652,124.70835,0
17164,90.31757,96.77103,0
4072,139.2726,74.85306,0
4166,163.86386,265.33765,0
19273,50.72701,236.92772,0
47,235.7205243460846,5.896884971963597,1
9957,244.9196251724243,289.5585736312103,1
886,274.8243787882781,13.453760153879166,1
11213,273.38925,105.67295,0
12149,117.83633,94.68626,0
12486,283.2946,174.52765,0
14225,229.75061196487428,166.12849775794982,1
7181,35.26583179107666,208.12570400650023,1
16303,263.37195,135.23898,0
4469,126.90865,103.739204,0
1066,225.13444889945507,232.8450867567825,1
17167,117.90398,164.43048,0
5764,64.04502,285.8159,0
0,194.29442434202195,119.10445371288536,1
9,191.1033589457083,226.91208368737696,1
10109,116.35888226022338,61.59814081504821,1
7481,67.20154809730529,237.858699022522,1
6291,18.28051385900879,201.1587426229477,1
14488,8.171731,270.27826,0
2291,114.84199586362458,163.18764299880982,1
4733,100.30137688488009,108.92564783843994,1
5880,209.9885,67.52874,0
10315,42.56022368441772,162.67934667137146,1
6908,272.106971655159,223.08908050575255,1
1375,196.65889,182.47302,0
8865,229.64696,166.49298,0
17668,116.87478,117.28835,0
1962,78.69592,133.2786,0
9709,151.08035310531616,121.08723651039124,1
1900,16.074937879772186,82.20041423439027,1
8088,115.52865,271.9313,0
89,231.27673015729428,263.7244183362532,1
2640,196.78004,30.656254,0
632,53.96678716977167,122.17584702448843,1
7098,72.91734498401642,82.42432809066773,1
16541,64.44558,108.48243,0
15,120.341736,120.249954,0
7890,5.889391614193726,46.04800351074218,1
16563,154.14624,180.34158,0
6489,162.91146655670167,226.1432945292282,1
2735,141.86293,195.42465,0
17607,220.06107,269.69928,0
11205,228.38815,205.01358,0
13662,253.66598033973696,228.2683791457367,1
7920,157.4594,162.4534,0
9683,291.58612,143.25015,0
4217,245.11006,184.8496,0
1280,194.96035818853375,105.3042673089695,1
13403,45.05556981500244,153.13694276161195,1
2735,240.3746283886337,2.1730486117507937,1
12853,116.28222388008118,258.0398582691956,1
2302,7.4586434,48.242935,0
12612,167.09983782653808,156.61632644828796,1
83,198.72651445598603,257.68827335620165,1
219,37.371376,185.81715,0
2082,8.608141,199.79343,0
12538,190.3311815876007,206.5877457232666,1
15613,195.76686,214.7891,0
2585,164.46022,97.54566,0
7134,105.00485361236572,132.44353623039245,1
3126,282.2858126950264,196.31634713127136,1
19163,20.841505,127.9531,0
12208,117.90007,94.688545,0
853,24.075861,131.46674,0
6589,216.60452170085907,201.0473786520004,1
8595,149.9482,290.1938,0
1520,157.0459652712488,218.0918203575325,1
522,30.593157839894296,265.57837211102964,1
1786,107.19750856890678,94.68712421527864,1
6422,91.54741,276.13275,0
15623,58.158596,238.57597,0
11568,252.479621486969,277.8460379055023,1
8027,152.66822309883116,130.18282477752686,1
17526,49.553696,157.68935,0
4119,23.983761052768703,215.72462784454345,1
5731,223.6524507725144,118.80167240953828,1
15520,154.41339,97.627014,0
10830,201.64122,154.3028,0
3559,196.65112121746063,216.30503071884155,1
3212,124.25377098480608,28.70238719908905,1
4974,238.64578,165.94208,0
13856,74.30964,262.88538,0
237,195.75777,118.35455,0
9887,178.5789149817657,110.5423766368866,1
4254,100.2143368164444,142.28606855754853,1
345,75.58534190165878,116.19642767032028,1
18394,107.43053,246.3385,0
10416,274.9537637817383,125.97871108413696,1
6712,123.2336,26.951187,0
6496,9.891066,53.233494,0
10702,210.02267,122.04356,0
15644,190.74019,117.018936,0
17715,282.43903,40.973145,0
3472,159.08119,164.20538,0
2785,179.80961439718246,198.60585810976028,1
16230,236.01166,254.10068,0
14539,264.42746,212.06674,0
198,157.72514,257.98685,0
3223,76.04651,264.7877,0
4303,179.44682529014588,278.9038143875122,1
1145,20.882324,277.4879,0
7670,223.74593634216308,151.99999131858826,1
10340,86.027885,134.73578,0
8474,37.86704277671814,136.65217880020143,1
9072,234.36251413414,29.96079414047241,1
4522,147.62056,72.86718,0
6481,64.75243295162201,144.89189835876465,1
18546,120.44349,98.36949,0
2,88.32816950978756,109.92189979761125,1
10487,126.62784,246.69934,0
3826,273.2907108465767,108.64697116584776,1
12666,128.88992193458557,10.369525912124631,1
3083,128.29251,165.00572,0
5257,265.45871018116,11.58090963092041,1
0,201.39244434202195,37.74617371288538,1
12677,236.70584,96.24261,0
11762,112.6501346454773,235.0420264931488,1
4354,209.02953,276.00043,0
118,198.98709652855877,274.16209058599594,1
1548,192.39693,119.01856,0
4631,10.750999,143.948,0
2941,142.76271,195.95341,0
12194,287.12762951042174,65.65688982695008,1
14008,133.42561,225.40842,0
6183,131.939274928627,19.794994403182983,1
5135,195.55563,221.77888,0
10830,3.936163384033203,176.79093305854798,1
1401,91.15364388834954,118.69340982829094,1
67,200.35222,234.83049,0
14873,223.43141,81.89557,0
4869,83.295654,143.05571,0
138,12.930574,79.65604,0
1076,142.4641813578129,17.028028647073747,1
1243,88.85477835359096,53.57466411124992,1
3635,110.36208073062896,238.90954291923524,1
15447,120.16280991996766,117.99961861442566,1
11709,51.2340344506073,237.0710780657196,1
12040,236.89908008857728,95.98230765724182,1
4721,245.11642,92.00453,0
4682,134.25674,228.36269,0
50,265.4748557385087,169.05398278180837,1
7048,248.21425985500332,22.692260496414185,1
1017,184.55132,31.669064,0
13054,23.782852987701418,257.0530298113251,1
155,264.42209712503194,104.66899472752452,1
4111,277.7357844007492,171.91763490642546,1
3,282.09433978333,280.82886915500166,1
2160,78.877686,133.50917,0
7894,90.956795,96.54244,0
2282,182.75791018556595,48.32515329655838,1
6803,283.3321929283905,78.50367316253661,1
8945,260.09609505233766,21.71391970407105,1
9465,194.02007,101.635506,0
2754,187.14282,58.160263,0
375,38.86574128490448,287.21157788427354,1
387,284.0127404403329,149.9620366993475,1
850,63.57675507855654,192.00469570813175,1
1250,136.64786,228.55342,0
5688,207.0987027186966,219.4935506802368,1
1317,150.1140213645935,174.0972701775551,1
1069,24.519327,24.74778,0
79,187.274096465528,211.2876685239816,1
11682,256.14896,192.09665,0
11801,124.07395,196.59668,0
11519,234.8295742272186,180.67137168304444,1
10879,260.57086,137.50941,0
8954,121.82452298973084,56.121612644958496,1
12059,221.30656,271.09402,0
4847,144.52393925209046,8.138567915283204,1
19793,47.270428,158.60396,0
7,51.305046,236.21117,0
7604,286.12795679145813,239.90971163063048,1
888,211.5313589206958,78.6235266716814,1
3975,285.0888,115.3272,0
11,130.74320624037742,216.7590854928279,1
5163,158.76426778305054,56.92066520135498,1
18941,231.65541,212.36023,0
8124,37.480793,161.7087,0
8596,263.2327638157654,167.51014086112977,1
18352,20.494238,128.51251,0
2114,187.52347,277.24597,0
5237,207.31974910667415,235.5889007661438,1
2680,99.50723,233.55814,0
18371,29.1810359213562,8.243137018615723,1
2425,258.55844,179.0523,0
6455,193.1040958423996,134.70878893741607,1
18733,154.43423,248.05762,0
577,280.4303411564827,77.47297583285093,1
15517,194.54262,253.97969,0
5753,241.8018,133.36761,0
8707,217.54847314552308,200.6432631939697,1
8668,29.790926095687865,7.783217229919433,1
8286,163.6052420701599,52.315648481292726,1
509,245.82602,59.36251,0
3046,160.10695,102.63931,0
3153,94.41228,283.95276,0
731,160.55525678101063,230.86064695931915,1
1143,93.96195466187956,279.5660290699482,1
2909,69.31957143499756,207.88911421937945,1
3806,164.2461194731331,227.92678201366425,1
524,208.87483,129.99617,0
4273,244.1657984077835,182.800897696228,1
9418,215.26992291358948,111.06728747299196,1
6879,227.049309708519,69.38274184371949,1
17304,8.166290505569458,120.21035525886536,1
16016,241.29112,132.15515,0
31,232.02093652785305,87.7873319129157,1
11946,256.37201779678344,177.73571966079712,1
5417,229.56350379333497,86.05279964735412,1
12372,201.65997026115417,244.21975162879943,1
3851,191.51393,118.32304,0
1218,288.92495365875243,279.461617019701,1
14538,202.97768878555297,130.04403696083068,1
2844,19.781456,79.35441,0
5151,261.31267048107145,124.27245373485565,1
1742,7.5753345,232.28348,0
520,277.66904,228.56044,0
9748,66.8519875478363,168.48363568634034,1
59,12.605895,79.3993,0
1110,156.81776640871524,237.37503487457275,1
6832,113.82023230381012,158.07977642105104,1
4912,261.37494847888945,123.76906440061188,1
14120,276.68784474601745,170.31407602615357,1
10029,199.60056,261.73373,0
11093,219.14098734466552,51.1682101273346,1
3386,174.11271739561082,95.39374941186524,1
1366,160.81534,58.370384,0
2757,80.03352616012573,282.6347324979019,1
10278,97.16407,283.51755,0
8882,274.38928,106.04719,0
1337,83.44944622148513,190.65429835572243,1
938,37.68265131783247,217.27090924763203,1
10474,278.65576,179.18152,0
7607,229.95715,235.96072,0
8191,147.17566090698242,246.9514227911377,1
1485,237.92844,241.57033,0
6755,285.65955,249.7124,0
14114,8.867199273117066,26.76453946864319,1
8827,169.65053,224.0412,0
1137,192.33689036201,242.86428760910988,1
12592,227.1469,122.776306,0
10848,218.24355796081545,194.92535602394105,1
6197,10.344843,266.9281,0
10490,283.3006375650787,175.5960141368866,1
16411,63.133266,285.62546,0
2092,120.26631105260849,198.8073997694206,1
7060,200.89598,156.65532,0
10328,252.46587879707337,277.127470978241,1
5655,163.226438547554,168.43876776302338,1
16255,99.34962144255066,141.0301881072998,1
6945,128.30160485725403,10.62687908441162,1
3343,228.94221,161.54497,0
8813,82.05657848892211,205.15561546684265,1
16196,2.786727021499634,21.982855029052736,1
5734,175.91950954875946,71.14760929985046,1
18166,4.916763022653198,206.09494824516293,1
3806,195.91049,140.16327,0
6316,236.32305351184849,96.59051793800354,1
43,63.860104,78.10993,0
12705,216.93873097229005,98.3404126196289,1
16512,132.08131026107787,187.435139894104,1
5504,103.3418409286499,37.77368851337433,1
4964,239.83253416671752,77.21706476772309,1
8936,276.71805,86.79515,0
7083,134.75218,123.91427,0
10091,137.7310332209778,72.90566010414123,1
893,198.216688700397,273.56485291874884,1
7212,291.12448,233.93404,0
10505,208.97221,75.15932,0
19235,274.72362786628725,44.3568637789917,1
14502,151.17212,7.2603006,0
8009,61.23974721783447,189.24612927116397,1
4838,3.0503805,112.95579,0
15434,173.5651,173.90056,0
7122,288.38525829170226,163.7243793689728,1
9887,205.69161498176572,239.4409766368866,1
8305,33.93812,263.27997,0
8225,122.40829347816468,91.35107702552796,1
5312,37.3211587482605,136.88487511821748,1
6920,264.50357,10.330712,0
14536,248.5312808483124,85.71659441070557,1
1357,98.5805,79.99186,0
125,226.40209807349444,21.866683996347188,1
1585,258.39645,251.3792,0
10732,156.42149352752685,85.19316910162354,1
5398,135.11845,227.05475,0
14251,175.6143525126648,70.90446668960571,1
12535,203.2343,5.628461,0
13604,134.76555,10.103387,0
4900,146.72115110588075,214.78630312355045,1
2548,146.01490040786743,279.97784170187,1
3154,133.9348,20.963726,0
9841,81.89877,212.48672,0
6692,3.0817623078674314,228.85403271595,1
3187,32.71172926195145,258.2748958613205,1
992,20.894495,277.53177,0
14421,193.24088,102.64373,0
1722,193.4365,110.295135,0
1102,243.98004802629947,133.6202480466366,1
2142,255.52590507469176,255.0714993400574,1
6632,63.021950859451294,217.07825149028776,1
10326,45.46219644848633,77.4139389516449,1
16986,223.05539,261.3643,0
3266,258.84948758962634,270.636546500206,1
10290,182.2996355857086,27.94848513296509,1
8971,287.91147630828857,65.34599521133423,1
6521,153.34873267612457,131.05783123615265,1
6059,43.46475417140198,224.72213350963597,1
13864,76.71017267028809,47.88912128425598,1
6727,123.2327091320038,22.487327446258544,1
15868,163.41112,144.93623,0
154,74.44708843050599,200.3590090218675,1
0,276.502744342022,26.80838671288538,1
575,128.18013,103.62914,0
7161,208.09497,19.721838,0
917,135.05507,263.28882,0
11166,130.46577252487182,65.04358147941589,1
3954,274.26474,11.03393,0
4263,278.0461577358246,76.70946256252289,1
3917,122.21687542572022,129.06516024959564,1
3973,38.69399666442871,286.69952842910766,1
3691,103.60807,110.91555,0
1099,136.6378,228.40123,0
309,5.00822843631053,24.04842848630178,1
16333,98.6523,77.37753,0
5984,277.57851803703306,75.72597761165619,1
15710,243.70387,185.54611,0
400,141.65919279192568,220.3895314820671,1
13183,161.22481,116.60437,0
10294,162.66255883758544,86.35131222251893,1
11871,58.925533,75.05855,0
5548,214.22682,208.78256,0
7043,265.90163078151704,241.3780789427185,1
2942,208.55008,220.12721,0
14278,173.03108,211.1543,0
5511,248.901250427742,85.89765051593781,1
3753,124.264305,176.7976,0
9723,74.3841952330017,108.51547648468018,1
7542,97.93983,283.9533,0
8688,208.412638640976,29.77204521873474,1
15737,190.73242,116.96403,0
15953,53.38952396325684,30.12914025120544,1
4375,5.33393236005249,74.96807094058991,1
3349,26.502142,148.65111,0
14308,284.45844,131.11794,0
8746,113.12359965278624,63.13803858467102,1
13876,254.22739,276.51587,0
3926,280.03183,167.71384,0
1634,58.68855938022423,254.6130612327385,1
1503,8.086713683716773,158.52099866470337,1
8520,237.12044,254.32483,0
10404,194.7549290962982,118.16145173576356,1
11913,272.60440692321777,14.671736635772708,1
341,247.40408,104.22942,0
9911,118.65719804214476,134.0029090120697,1
17510,214.8731,282.6757,0
21,249.93297875038624,197.31852618240836,1
3446,123.986824,290.67416,0
15483,178.04927746772765,195.7296517277527,1
2143,274.54812690963746,287.107894035244,1
5634,159.3352132523346,289.8564139540863,1
14169,287.8636,162.03632,0
327,259.3163,245.94432,0
4178,258.39352,250.06903,0
13641,256.00684,250.68552,0
281,56.655575,200.26424,0
99,115.23436,274.45074,0
11600,173.86688,124.6663,0
5534,271.9665,46.848495,0
2449,289.4836,133.87317,0
5146,51.000824,195.99715,0
12641,44.06401,272.9395,0
10906,38.52191287696839,224.86841332962035,1
19194,236.36876,145.10359,0
7020,248.02913389152528,224.0200033003998,1
12753,240.01787,77.74036,0
536,231.55486651842835,168.37121573843478,1
403,65.99581,147.50089,0
9496,160.89883,123.296555,0
4061,26.71809201876449,200.77987427783967,1
4162,11.344055,227.97482,0
2625,64.02294144205094,255.62482221269607,1
18886,27.168641721679688,216.00378097114563,1
4416,255.26991,221.26373,0
5639,286.07202,245.15013,0
1601,178.58453,37.658653,0
116,151.9509128875208,54.19985023723602,1
784,158.6683115426612,166.18601764895917,1
11732,143.97343,278.6942,0
14408,100.10548867752075,203.57500076042172,1
7908,155.39218,180.18515,0
9049,63.657238,285.20856,0
1516,80.57117,212.69429,0
19308,178.32567,258.12918,0
2061,117.0042225207138,162.89787232873917,1
15885,280.97324,51.78903,0
3097,137.39172,291.31833,0
4709,229.89855066864013,262.8846700518036,1
13815,122.78589,196.74721,0
9,158.65868894570826,92.08792968737696,1
10547,210.07858,122.236015,0
3779,67.74856089050293,170.12974194698333,1
6055,138.71861,94.62863,0
16812,229.32428,44.656727,0
710,153.44304,20.549902,0
13332,82.731064,141.20578,0
1912,161.2062405193138,84.41028159440994,1
8452,286.96198,109.14079,0
731,210.07741,117.14228,0
1238,124.38875833374024,64.82554332696533,1
4999,174.52629,51.19831,0
814,146.51938,122.40569,0
7521,34.7538443263855,263.53817258239746,1
4861,47.28473,177.58362,0
5177,272.06107,47.139984,0
378,95.39078,73.068825,0
15109,110.3201,161.08652,0
2111,164.99048008287429,118.18450588150024,1
9670,37.15465,160.8546,0
15546,44.71346174247741,283.8033518413544,1
6942,98.19546,283.96536,0
3948,155.3310523005867,217.54967716117855,1
6953,269.19772,39.17012,0
15109,46.55817748187256,290.1823032555389,1
4101,76.47672132479096,110.8402070912552,1
2708,199.31772048728945,257.19277319898606,1
11422,99.89091237556458,196.37385379829408,1
197,32.80394276049864,58.96663524723053,1
2255,50.10774047082901,148.04099916103362,1
2274,220.81334598134995,196.62841972560884,1
18394,178.81459,258.00845,0
6576,269.84317,40.132725,0
9189,283.35797,179.21619,0
10531,107.91043,131.33377,0
16940,244.90358,96.51389,0
6905,179.44437,197.44006,0
6186,274.65698,219.35136,0
3870,270.24167,251.61026,0
7197,224.56321766555783,78.69624413064575,1
15902,267.95715,10.011274,0
10662,158.93800946380614,83.41602379501343,1
8814,184.89355777519225,121.77908587051392,1
10566,181.9373867565155,46.22849385908509,1
17882,153.39786,188.58707,0
113,157.75157,194.94595,0
19201,257.46136,246.7168,0
15316,154.80481,192.67085,0
14922,173.05081,211.3813,0
6528,238.23392,225.39043,0
10647,190.44183,179.7598,0
6407,10.687866,197.42381,0
19091,161.57501,262.7951,0
6880,164.16719987903596,116.6641108644104,1
3154,174.79002977811814,93.94078308448792,1
9347,16.428082,9.198966,0
2734,83.00784985383987,38.65073396717835,1
1321,163.54882191258906,170.4429899871731,1
4098,35.16993,160.97247,0
17665,211.88287,125.94486,0
4134,188.0540908109856,54.60414803055573,1
1132,153.15172,122.49544,0
5967,264.3236,103.67445,0
12583,253.03256720451355,278.1429050014496,1
13209,237.202,164.65294,0
6991,214.0959,229.15239,0
371,140.55019,96.39334,0
8680,241.31982,138.0019,0
8016,61.18336,75.318115,0
551,222.6433,272.43115,0
5334,12.474528,80.33748,0
10252,14.012012,154.84343,0
12070,143.16818,265.94238,0
8545,263.70532,15.341151,0
7046,154.71164,98.0882,0
3380,274.3422773300171,285.68555742572784,1
2004,210.39844658011435,11.710382266792298,1
10221,109.45534,118.55508,0
16958,90.35391,96.638115,0
10416,211.75143,188.5883,0
1849,159.23322,272.4936,0
14858,273.62130266937254,22.66953040473938,1
7631,138.90317463378906,261.02153895835875,1
16460,124.660965,195.48099,0
5586,128.02501,138.497,0
10353,284.27405,130.89346,0
3775,26.26179713778305,201.2999383057785,1
8968,267.0825826248169,143.45942436096192,1
6424,144.11368567741394,278.50291372299193,1
13,228.8376406279993,70.4031807553482,1
8166,16.003212,227.2084,0
19906,60.866516,6.3164873,0
11848,271.9292260195923,13.870940273132325,1
1679,50.826106931648255,160.29962426445007,1
476,101.29278710675956,111.0913282714343,1
1827,229.3664724805164,279.76614170152664,1
3486,101.89422406908037,52.122947596549984,1
7991,6.166548,231.64311,0
17949,268.4729097846222,81.3057133605957,1
1692,226.4109,42.714054,0
11121,248.03914088920592,85.30625263832093,1
5846,18.481134,276.45508,0
9019,196.32101,215.36168,0
63,196.2865,140.4705,0
1402,212.71937204363823,272.6020782031536,1
4690,197.75375,233.07603,0
9131,123.63953554748537,178.89649025512696,1
5089,204.12049002971648,122.60839495376588,1
3772,247.4076,97.81301,0
2523,48.68883098308563,252.3221747711563,1
9538,25.061432,196.3424,0
9468,184.70636,251.52434,0
8921,174.08772,50.31132,0
5532,96.60750947353364,59.53296522755432,1
12088,105.88808064224244,45.9114679486084,1
4519,149.23576,203.98686,0
12318,98.21690940444948,141.46620994247436,1
1660,265.902,64.02515,0
16681,172.48543,13.411594,0
5851,209.97418,67.57902,0
1143,140.55275,251.40445,0
12023,9.361256,52.3888,0
2680,115.41295,4.7400713,0
2721,16.366565274536132,7.798973276309967,1
345,103.21332,169.9153,0
1946,107.12364,134.13867,0
3027,122.61199330085756,128.351824766922,1
3,97.54544978332996,118.94157915500163,1
2029,199.03385626696587,256.76680139102933,1
6142,207.9768725938416,274.2965642652512,1
3946,278.79081467189786,271.6275975399017,1
3338,230.9024417018509,168.77780813026428,1
19211,85.91205701057434,107.84072544029236,1
5515,265.4821742530441,12.548721338264466,1
12543,271.4064,260.37524,0
2991,116.98575840337752,259.978480972786,1
136,216.68508686182972,218.0032295688665,1
796,261.9020779369903,23.11061173658848,1
18906,107.518524,48.55857,0
1294,49.71855680895042,108.63657829891204,1
2645,40.451196059074405,40.9737820234642,1
1909,216.57623,217.91986,0
9095,184.0760251289368,250.8600602409363,1
918,116.89952,273.50208,0
2346,289.9842676867485,134.41617186120988,1
1821,268.5423959272385,146.19370049734115,1
18240,34.783012,85.54432,0
10549,107.44504,12.725264,0
19,8.16775016976738,208.57510719591852,1
9887,202.39954498176576,242.9737966368866,1
11673,178.84808,258.11234,0
6886,269.28278,39.33669,0
3426,225.1255,113.85077,0
15297,145.16296,88.59665,0
17907,257.9653,286.41116,0
2570,61.78727959672546,154.83825141506196,1
6408,153.56172,131.00653,0
13840,151.1051253276062,172.8503265109253,1
2412,156.18602,111.95411,0
9221,161.91191,168.403,0
14473,26.511353,222.32558,0
9133,161.02288732810973,122.78510625938416,1
2107,236.87778,31.058777,0
8815,14.902454,66.90512,0
1770,8.707813,199.32121,0
14232,143.65292132507324,142.52311688728332,1
410,48.123285570946216,37.6555480365057,1
15409,142.4996,182.26785,0
9857,253.56895405807492,216.447346170578,1
48,174.973,173.76385,0
9880,278.451629888916,161.5791026576996,1
13039,119.91848515083312,126.688538941803,1
22,196.32534268565175,110.7487269534278,1
4513,5.3267954208145145,145.57958653934477,1
12380,117.30058759635924,125.84406888687133,1
1236,31.638405,53.507236,0
8719,247.53868548309327,195.5312300841522,1
11024,168.51067,243.6097,0
2004,64.88482,254.30602,0
9982,201.35628055213928,90.98548576049804,1
5836,271.97375,46.87009,0
714,34.08820946593237,259.2002751790428,1
2391,28.229315,30.760017,0
118,192.70879,24.93238,0
3541,85.6868223387146,95.03703209648133,1
12140,115.05872,270.26816,0
3484,120.04416845720291,81.1426503685379,1
5521,164.15353,53.722195,0
11963,17.360466,113.73139,0
4768,281.51627900295256,52.58536920315552,1
2046,290.7346611501312,135.8755244436264,1
9838,236.11508,269.23068,0
3165,226.51766931407928,80.26173503570557,1
